ID	Theme	Capability/question	Assessment status	Assessment baseline/FRD claim	Assessment gap/comment	FOO response claim	Review interpretation	Related specification	Evidence required	Assessment reference	FOO reference	Disposition
Q01	Product and pricing	Separate Murabaha financing type/entity and data model	Partial	Islamic Product flag + Financing Type = Murabaha added to existing loan product/account	We intentionally extend the existing loan model rather than create a separate Murabaha contract engine. FRD does not provide BEDE's requested DB/table evidence.	Loan Product gets an Islamic Product flag + Financing Type dropdown; the financing account is the existing loan account with added fields	Claimed baseline/configuration: verify on versioned build and compare with requirement	Islamic Financing Module §§2–5; Pricing FRD §§3–6	Versioned build/configuration, live demonstration or API result, persisted records and named reviewer sign-off	BEDE Murabaha Assessment / Sheet1!B3:E3	Foo LMS Sharia Compliance / List Of Requirements!B4	Open — current implementation unverified
Q02	Product and pricing	Commodity Murabaha/Tawarruq, goods Murabaha, purchase-order Murabaha	Gap	MVP supports Murabaha generically	No configuration differentiating Tawarruq, vehicle/equipment Murabaha, Murabaha to Purchase Orderer, etc.	Currently supported through a generic Murabaha model covering the common financing components. The model is designed to be scalable and can be extended to support specific variants such as Goods Murabaha, Commodity Murabaha/Tawarruq, and Murabaha to the Purchase Orderer based on business requirements.	Partial baseline or proposed extension: separate existing function from unbuilt requirement	Islamic Financing Module §§2–5; Pricing FRD §§3–6	Versioned build/configuration, live demonstration or API result, persisted records and named reviewer sign-off	BEDE Murabaha Assessment / Sheet1!B4:E4	Foo LMS Sharia Compliance / List Of Requirements!B6	Open — current implementation unverified
Q03	Product and pricing	Cost Price, Profit Amount, Profit Rate, Selling Price, tenor and master value	Partial / Strong	Cost Price stored; Profit calculated by existing engine; Selling Price = Cost + Profit	Core pricing is covered, but FRD doesn't define a contractual “profit frozen at sale execution” model.	Cost Price is captured from the selected commodity and used as the Financing Amount. Profit is calculated by the LMS based on the configured Nominal Profit Rate and Profit Method, while Selling Price is derived from Cost Price + Profit. Product-level calculation rules can be centrally controlled to prevent account-level overrides where required.	Claimed baseline/configuration: verify on versioned build and compare with requirement	Islamic Financing Module §§2–5; Pricing FRD §§3–6	Versioned build/configuration, live demonstration or API result, persisted records and named reviewer sign-off	BEDE Murabaha Assessment / Sheet1!B5:E5	Foo LMS Sharia Compliance / List Of Requirements!B8	Open — current implementation unverified
Q04	Product and pricing	Flat profit rate / effective rate / APR-equivalent	Gap / Partial	Existing interest configuration reused as Profit Rate	Profit Rate exists through existing calculation engine, but no Islamic flat-rate model or CBB APR-equivalent disclosure calculation is specified.	The Murabaha pricing model supports configurable profit calculation through the LMS, including Nominal Profit Rate, Profit Method and Profit Calculation Period. The model can support different pricing methodologies based on product configuration. Effective/annualised rate and CBB-specific APR-equivalent disclosure are not currently part of the Murabaha configuration and can be added based on the applicable CBB calculation and disclosure requirements.	Claimed baseline/configuration: verify on versioned build and compare with requirement	Islamic Financing Module §§2–5; Pricing FRD §§3–6	Versioned build/configuration, live demonstration or API result, persisted records and named reviewer sign-off	BEDE Murabaha Assessment / Sheet1!B6:E6	Foo LMS Sharia Compliance / List Of Requirements!B10	Open — current implementation unverified
Q05	Product and pricing	Selling Price immutable after execution	Partial	Commodity details become read-only after approval; stored Selling Price used	Strong direction toward immutability, but BEDE specifically asks what happens if profit/rate is changed on an active account. That behavior isn't explicitly defined.	Murabaha pricing and calculation rules are controlled at product level and can be restricted from account-level override. Once the financing is approved, Islamic financing and commodity information becomes read-only, supporting preservation of the agreed financing terms.	Claimed baseline/configuration: verify on versioned build and compare with requirement	Islamic Financing Module §§2–5; Pricing FRD §§3–6	Versioned build/configuration, live demonstration or API result, persisted records and named reviewer sign-off	BEDE Murabaha Assessment / Sheet1!B7:E7	Foo LMS Sharia Compliance / List Of Requirements!B12	Open — current implementation unverified
Q06	Lifecycle and ownership	Promise → bank purchase → ownership → offer/acceptance → deferred sale	Gap – Major	No such lifecycle	Current FRD essentially reuses loan creation/approval/disbursement lifecycle.	Yes. The LMS supports a dedicated Murabaha contractual lifecycle alongside the existing financing lifecycle. The controlled lifecycle includes Promise to Purchase → Purchase Instructed → Asset Purchased → Ownership Confirmed → Possession Confirmed → Offer Created → Customer Accepted → Murabaha Sale Executed → Receivable Active. The Murabaha lifecycle is maintained separately from the standard financing status, while the existing financing approval, disbursement and activation capabilities continue to be reused.	Open current-state contradiction: assessment says major gap; FOO answer claims support; BRD specifies enhancement	Lifecycle BRD §§5–10, 12, 18–19	Versioned live lifecycle demo; persisted states and API contract; prove Phase 1 excludes MPO promise state or agree design change	BEDE Murabaha Assessment / Sheet1!B8:E8	Foo LMS Sharia Compliance / List Of Requirements!B14	Open — current implementation unverified
Q07	Lifecycle and ownership	Prevent sale before bank owns asset	Gap – Major	No asset-ownership state	FRD explicitly excludes commodity ownership lifecycle.	Yes. The LMS enforces the required Murabaha sequence. Murabaha Sale Execution is not permitted until the asset has been purchased, ownership and possession have been confirmed, the required evidence has been provided, the Murabaha offer has been created and the customer has accepted the applicable offer. Financing approval alone does not create an active customer receivable, and disbursement/activation cannot occur before Murabaha Sale Execution.	Open current-state contradiction: assessment says major gap; FOO answer claims support; BRD specifies enhancement	Lifecycle BRD §§5–10, 12, 18–19	Negative UI/API tests before purchase, ownership, possession, evidence and acceptance; prove receivable stays inactive	BEDE Murabaha Assessment / Sheet1!B9:E9	Foo LMS Sharia Compliance / List Of Requirements!B16	Open — current implementation unverified
Q08	Lifecycle and ownership	Wakala/agency	Gap	Not covered	Requires agency details, evidence and probably documents/workflow.	The current Murabaha implementation supports capturing the underlying commodity/asset, supplier information and Cost Price. A dedicated Wakala (agency) workflow is not currently modeled as a separate component; however, the solution is extensible to support customer-as-agent scenarios, including recording the agency appointment/agreement, purchase details, supplier invoice and supporting documentation, with the required audit trail and maker-checker controls.	Partial baseline or proposed extension: separate existing function from unbuilt requirement	Lifecycle BRD §§5–10, 12, 18–19	Versioned build/configuration, live demonstration or API result, persisted records and named reviewer sign-off	BEDE Murabaha Assessment / Sheet1!B10:E10	Foo LMS Sharia Compliance / List Of Requirements!B18	Open — current implementation unverified
Q09	Lifecycle and ownership	Purchase invoice, purchase date, possession confirmation etc.	Partial	Commodity ID/name, Supplier Reference and Cost Price	We have basic commodity evidence, but not invoice, purchase date, ownership/possession evidence.	The LMS captures structured Murabaha purchase, ownership and possession information, including asset/commodity details, supplier, purchase price and currency, supplier invoice/reference, purchase date, asset/lot reference, ownership confirmation and evidence, and physical or constructive possession confirmation and evidence. Supporting documents are associated with the applicable Murabaha lifecycle stage. Evidence requirements can be configured as Mandatory or Optional by lifecycle stage, and the system blocks the applicable lifecycle transition when mandatory evidence is missing.	Status/evidence ambiguity: reconcile present-tense or validated claim with assessment and repeatable proof	Lifecycle BRD §§5–10, 12, 18–19	Persisted purchase/ownership/possession fields, required attachments, audit events and API payloads	BEDE Murabaha Assessment / Sheet1!B11:E11	Foo LMS Sharia Compliance / List Of Requirements!B20	Open — current implementation unverified
Q10	Lifecycle and ownership	Commodity platform integration + full Tawarruq chain	Partial	External CMS integration supported	Search/retrieve/validate/store commodity is covered; purchase and onward-sale transaction chain is not.	The integration is designed to work with either an external commodity provider or FOO Commodity Management, with configurable endpoints and credentials, rather than being tied to one specific platform. The current scope covers commodity search, retrieval and validation, but does not manage the full commodity trading or ownership lifecycle within the LMS. The integration framework already exists; full Tawarruq transaction-chain recording, including purchase/onward-sale details and Sharia audit reconstruction, would be an extension.	Partial baseline or proposed extension: separate existing function from unbuilt requirement	Islamic Financing Module §12; Lifecycle BRD §19	Versioned build/configuration, live demonstration or API result, persisted records and named reviewer sign-off	BEDE Murabaha Assessment / Sheet1!B12:E12	Foo LMS Sharia Compliance / List Of Requirements!B22	Open — current implementation unverified
Q11	Lifecycle and ownership	Block floating/repricing; Wa'd; Hamish Jiddiyyah	Gap	Not defined	Needs explicit Murabaha contractual rules.	Murabaha products can be configured with a fixed nominal profit rate and without linkage to floating interest rates. The product configuration explicitly controls whether the rate is linked to a floating-rate mechanism; for Murabaha, this can be disabled to maintain fixed pricing. Wa'd and Hamish Jiddiyyah are not currently modeled as dedicated workflows and would be extensions where required.	Claimed baseline/configuration: verify on versioned build and compare with requirement	Pricing FRD §§3, 6; Lifecycle BRD §19	Versioned build/configuration, live demonstration or API result, persisted records and named reviewer sign-off	BEDE Murabaha Assessment / Sheet1!B13:E13	Foo LMS Sharia Compliance / List Of Requirements!B24	Open — current implementation unverified
Q12	Schedule and contractual profit	Schedule cost/profit split	Aligned / Partial	Principal displayed as Financing Amount; Interest as Profit; existing allocation engine reused	Schedule exists and cost/profit components are available. Allocation methodology is inherited from Fineract rather than defined as a Murabaha-specific option.	Validated with a sample Murabaha deal of BHD 10,000 cost, BHD 1,500 Profit and a 24-month tenor. The Profit allocation method is configurable at Loan Product level. The LMS supports Flat and Declining Balance Profit methods, together with configurable amortization using Equal Installments or Equal Principal Payments. Yes. Please refer to the two scenarios attached under 'Schedule - req 12'	Claimed baseline/configuration: verify on versioned build and compare with requirement	Pricing FRD §§5–6; Section 6 test workbook	Versioned product configuration plus executed positive, negative and conventional-regression tests; schedule and GL before/after	BEDE Murabaha Assessment / Sheet1!B15:E15	Foo LMS Sharia Compliance / List Of Requirements!B29	Open — current implementation unverified
Q13	Schedule and contractual profit	Schedule total exactly = Selling Price; no rounding residue	Partial	Selling Price = Cost + total Profit	Conceptually aligned, but FRD doesn't explicitly enforce/test sum(all installments) = Selling Price to currency precision.	Yes. Please refer to the two scenarios attached under 'Schedule - req 12'	Claimed baseline/configuration: verify on versioned build and compare with requirement	Pricing FRD §§5–6; Section 6 test workbook	Versioned product configuration plus executed positive, negative and conventional-regression tests; schedule and GL before/after	BEDE Murabaha Assessment / Sheet1!B16:E16	Foo LMS Sharia Compliance / List Of Requirements!B31	Open — current implementation unverified
Q14	Schedule and contractual profit	Profit fixed at execution vs recalculated periodically	Gap / Risk	Existing interest calculation/allocation engine reused	BEDE is specifically testing whether Murabaha profit becomes fixed contractual debt. Current FRD still relies technically on the interest engine.	Profit is calculated when the repayment schedule is generated and remains fixed according to the contractual schedule; it is not recomputed each period based on the actual outstanding balance × rate × days.	Status/evidence ambiguity: reconcile present-tense or validated claim with assessment and repeatable proof	Pricing FRD §§5–6; Section 6 test workbook	Versioned product configuration plus executed positive, negative and conventional-regression tests; schedule and GL before/after	BEDE Murabaha Assessment / Sheet1!B17:E17	Foo LMS Sharia Compliance / List Of Requirements!B33	Open — current implementation unverified
Q15	Schedule and contractual profit	Date shifts must not change total profit	Gap	Not specified	Needs explicit fixed-profit rule/regression tests.	Validated from our side: the total contracted Profit remains unchanged when the sale date, first instalment date, or due date shifts due to holiday/business-day rules.	Status/evidence ambiguity: reconcile present-tense or validated claim with assessment and repeatable proof	Pricing FRD §§5–6; Section 6 test workbook	Versioned product configuration plus executed positive, negative and conventional-regression tests; schedule and GL before/after	BEDE Murabaha Assessment / Sheet1!B18:E18	Foo LMS Sharia Compliance / List Of Requirements!B35	Open — current implementation unverified
Q16	Schedule and contractual profit	Grace/moratorium/balloon/step-up and whether profit increases	Need Validation	Not part of Islamic FRD	LMS has other rescheduling capabilities, but the Murabaha FRD does not establish Sharia-compliant behavior for them.	Grace periods and moratorium are supported. Validated from our side that the total contracted Profit remains unchanged after applying a Mid-term Grace Period.	Status/evidence ambiguity: reconcile present-tense or validated claim with assessment and repeatable proof	Pricing FRD §§5–6; Section 6 test workbook	Versioned product configuration plus executed positive, negative and conventional-regression tests; schedule and GL before/after	BEDE Murabaha Assessment / Sheet1!B19:E19	Foo LMS Sharia Compliance / List Of Requirements!B37	Open — current implementation unverified
Q17	Schedule and contractual profit	Partial disbursement/tranches/top-ups blocked or new contract	Gap	Not specified	Important because BEDE expects one completed Murabaha sale per contract.	The LMS supports configurable multi-disbursement and top-up capabilities at product level. For Murabaha products, these capabilities can be disabled where the financing structure requires a single completed sale. Additional financing can be structured through a separate Murabaha financing.	Claimed baseline/configuration: verify on versioned build and compare with requirement	Pricing FRD §§5–6; Section 6 test workbook	Versioned product configuration plus executed positive, negative and conventional-regression tests; schedule and GL before/after	BEDE Murabaha Assessment / Sheet1!B20:E20	Foo LMS Sharia Compliance / List Of Requirements!B39	Open — current implementation unverified
Q18	Ibra and early settlement	Explicit Ibra' rebate transaction	Gap – Major	Not defined	Existing Interest Waiver/Profit Waiver terminology exists, but that is not the same as defining an Ibra' settlement process.	The LMS supports a dedicated Early Settlement with Ibra’ process. The system determines the outstanding contractual amount and calculates the applicable Ibra’ separately according to the configured Ibra’ method. The settlement preview clearly presents the contractual outstanding amount, applicable Ibra’ and resulting settlement amount. Ibra’ is therefore handled explicitly as a rebate against the contractual Murabaha amount rather than being treated as an automatic waiver of “unaccrued interest.	Open current-state contradiction: assessment says major gap; FOO answer claims support; BRD specifies enhancement	Ibra BRD BR-1–BR-7 and acceptance criteria	Versioned early-settlement demo; distinct Ibra transaction and ledger effect; conventional-loan regression	BEDE Murabaha Assessment / Sheet1!B22:E22	Foo LMS Sharia Compliance / List Of Requirements!B44	Open — current implementation unverified
Q19	Ibra and early settlement	Configurable Ibra' formula + maker-checker	Gap – Major	Not defined	Requires dedicated configuration/workflow.	Yes. Ibra’ calculation is configurable at Murabaha product level. Supported calculation methods include Manual amount, Percentage, eligible Unearned Profit and Unearned Profit less applicable Administration / Early Settlement Charges, with the applicable charge configuration referenced from the Murabaha product. The Early Settlement with Ibra’ process supports calculation preview and approval/rejection through the existing maker-checker framework where enabled.	Open current-state contradiction: assessment says major gap; FOO answer claims support; BRD specifies enhancement	Ibra BRD BR-1–BR-7 and acceptance criteria	Product configuration and each Ibra method; maker-checker pending/reject/approve evidence and calculation audit	BEDE Murabaha Assessment / Sheet1!B23:E23	Foo LMS Sharia Compliance / List Of Requirements!B46	Open — current implementation unverified
Q20	Ibra and early settlement	Partial prepayment without interest-style re-amortisation	Gap / Risk	Existing repayment logic reused	Needs explicit Murabaha behavior.	Supported through configuration. Recalculate Profit = No → Murabaha contractual Profit remains fixed and is not automatically reduced through conventional interest recalculation. Where Profit Recalculation is disabled, a partial prepayment does not recalculate the contractual Murabaha Profit. Any reduction of contractual Profit must be explicitly processed as Ibra’ in accordance with the configured Ibra’ rules and applicable approval controls.	Claimed baseline/configuration: verify on versioned build and compare with requirement	Ibra BRD BR-1–BR-7 and acceptance criteria	Versioned product configuration plus executed positive, negative and conventional-regression tests; schedule and GL before/after	BEDE Murabaha Assessment / Sheet1!B24:E24	Foo LMS Sharia Compliance / List Of Requirements!B48	Open — current implementation unverified
Q21	Ibra and early settlement	Settlement letters/statements show rebate as Ibra'	Gap	Not defined	Terminology alone doesn't solve settlement presentation.	Yes. Ibra’ calculation is configurable at Murabaha product level. Supported calculation methods include eligible Unearned Profit and Unearned Profit less applicable Administration / Early Settlement Charges, with the applicable charge configuration referenced from the Murabaha product. The Early Settlement with Ibra’ process supports calculation preview and approval/rejection through the existing maker-checker framework where enabled.	Status/evidence ambiguity: reconcile present-tense or validated claim with assessment and repeatable proof	Ibra BRD BR-1–BR-7 and acceptance criteria	Sample settlement letter, statement and customer API showing Selling Price, Ibra and final settlement	BEDE Murabaha Assessment / Sheet1!B25:E25	Foo LMS Sharia Compliance / List Of Requirements!B50	Open — current implementation unverified
Q22	Delinquency and rescheduling	No extra profit/compounding after due date	Gap – Major	Not explicitly defined	Existing Fineract calculation behavior is reused; BEDE requires proof that prohibited paths are disabled for Murabaha.	Murabaha products can be configured with Profit Recalculation disabled, floating-rate linkage disabled and no compounding, ensuring that the contractual Profit is not automatically increased due to late payment. The existing LMS provides these controls at product level.	Status/evidence ambiguity: reconcile present-tense or validated claim with assessment and repeatable proof	Pricing FRD §6; Ibra BRD BR-5	Versioned product configuration plus executed positive, negative and conventional-regression tests; schedule and GL before/after	BEDE Murabaha Assessment / Sheet1!B27:E27	Foo LMS Sharia Compliance / List Of Requirements!B54	Open — current implementation unverified
Q23	Delinquency and rescheduling	Late charge → charity account	Gap – Major	Not defined	Requires dedicated GL mapping and charity payable treatment.	The LMS already supports configurable late-payment charges, including flat and percentage-based charges, together with penalty receivable and accounting mappings. For Murabaha, an enhancement will allow the applicable late-payment amounts to be routed to a dedicated Charity Payable liability account rather than Income from Penalties, ensuring that such amounts are segregated from the institution's income. Charity balances can then be exposed through the applicable accounting/reporting layer.	Partial baseline or proposed extension: separate existing function from unbuilt requirement	Pricing FRD §6; Ibra BRD BR-5	Versioned product configuration plus executed positive, negative and conventional-regression tests; schedule and GL before/after	BEDE Murabaha Assessment / Sheet1!B28:E28	Foo LMS Sharia Compliance / List Of Requirements!B56	Open — current implementation unverified
Q24	Delinquency and rescheduling	Late-charge waiver + charity payout tracking	Gap	Not defined	Existing waiver/audit may help technically, but charity lifecycle isn't covered.	Late-charge waiver is already supported by the LMS and is recorded as a distinct transaction, providing traceability of waived amounts. Charity amounts collected under the treatment described above can be maintained separately through Charity Payable. Where required by BEDE's operating model, the solution can be extended to track subsequent charity distributions, including beneficiary, amount, payment date/reference, supporting evidence, approval and reconciliation against the Charity Payable balance. Alternatively, the actual charity payout can be handled through the accounting/ERP layer while LMS maintains the relevant balance and transaction information.	Partial baseline or proposed extension: separate existing function from unbuilt requirement	Pricing FRD §6; Ibra BRD BR-5	Versioned product configuration plus executed positive, negative and conventional-regression tests; schedule and GL before/after	BEDE Murabaha Assessment / Sheet1!B29:E29	Foo LMS Sharia Compliance / List Of Requirements!B58	Open — current implementation unverified
Q25	Delinquency and rescheduling	Rescheduling cannot increase debt	Gap – Major	Not defined in Islamic FRD	Needs Islamic-specific reschedule controls.	The LMS already provides a rescheduling framework with approval/rejection workflow, and Profit recalculation can be disabled at product level. For Murabaha, rescheduling can be controlled so that Profit/rate recalculation is not applied and the existing contractual outstanding amount is redistributed over the revised schedule without increasing the Murabaha debt. Any approved reduction in Profit can be handled separately through Ibra'. Where refinancing is required, it would be treated as a new Murabaha financing/sale rather than an increase or rollover of the existing Murabaha debt.	Status/evidence ambiguity: reconcile present-tense or validated claim with assessment and repeatable proof	Pricing FRD §6; Ibra BRD BR-5	Versioned product configuration plus executed positive, negative and conventional-regression tests; schedule and GL before/after	BEDE Murabaha Assessment / Sheet1!B30:E30	Foo LMS Sharia Compliance / List Of Requirements!B60	Open — current implementation unverified
Q26	Accounting and provisioning	Write-off, IFRS 9/CBB provisioning, unearned profit	Gap	Not covered	Existing LMS write-off is not sufficient evidence of Islamic accounting treatment.	The LMS already supports loan write-off, accounting entries and configurable provisioning based on days overdue, provisioning percentages and GL mappings. Where BEDE requires full IFRS 9/CBB ECL and staging, the existing framework can be extended or integrated with the applicable impairment methodology. Murabaha-specific accounting treatment can also be extended, based on the approved accounting model, to distinguish financing Cost, recognized Profit and deferred/unearned Profit, including their treatment during write-off and subsequent recoveries.	Partial baseline or proposed extension: separate existing function from unbuilt requirement	Islamic Financing Module §13; dedicated accounting/provisioning design not supplied	Approved accounting policy/posting matrix; GL mapping; journal samples, reconciliation and finance review	BEDE Murabaha Assessment / Sheet1!B31:E31	Foo LMS Sharia Compliance / List Of Requirements!B62	Open — current implementation unverified
Q27	Accounting and provisioning	Full Murabaha journal lifecycle	Gap – Major	Existing accounting engine reused	FRD specifically says no separate accounting engine.	The LMS provides an established GL and journal-entry framework covering financing disbursement, accrual, repayment, waiver and write-off. For Murabaha, this framework can be extended with a dedicated posting matrix covering asset purchase and holding, Murabaha sale, instalment collection, Profit recognition, Ibra', late-payment/Charity treatment and write-off, based on BEDE's approved accounting and Shariah treatment.	Partial baseline or proposed extension: separate existing function from unbuilt requirement	Islamic Financing Module §13; dedicated accounting/provisioning design not supplied	Approved accounting policy/posting matrix; GL mapping; journal samples, reconciliation and finance review	BEDE Murabaha Assessment / Sheet1!B33:E33	Foo LMS Sharia Compliance / List Of Requirements!B66	Open — current implementation unverified
Q28	Accounting and provisioning	Gross receivable + deferred/unearned Murabaha profit (FAS 28)	Gap – Major	Not defined	Current implementation does not define AAOIFI FAS 28 accounting.	The Murabaha financing model already maintains Cost Price, Profit and Selling Price. The current accounting framework records the financing amount through the existing Loan Portfolio and accrual model. Where BEDE requires the receivable to be accounted for at gross Selling Price with Deferred/Unearned Murabaha Profit separately recognised, this accounting treatment can be added using dedicated GL mappings and the recognition method approved by BEDE Finance, Shariah and the applicable accounting requirements.	Partial baseline or proposed extension: separate existing function from unbuilt requirement	Islamic Financing Module §13; dedicated accounting/provisioning design not supplied	Approved accounting policy/posting matrix; GL mapping; journal samples, reconciliation and finance review	BEDE Murabaha Assessment / Sheet1!B34:E34	Foo LMS Sharia Compliance / List Of Requirements!B68	Open — current implementation unverified
Q29	Accounting and provisioning	Fixed-profit time-based recognition	Gap / Need Validation	Existing accounting/profit engine	No Murabaha-specific recognition method in FRD.	Profit accrual and accounting entries are supported by the LMS and can be processed through EOD/accrual jobs. For Murabaha, we will validate and demonstrate that the fixed contractual profit is recognised over the financing period according to the agreed schedule, rather than being dynamically recalculated based on outstanding principal × rate.	Partial baseline or proposed extension: separate existing function from unbuilt requirement	Islamic Financing Module §13; dedicated accounting/provisioning design not supplied	Approved accounting policy/posting matrix; GL mapping; journal samples, reconciliation and finance review	BEDE Murabaha Assessment / Sheet1!B35:E35	Foo LMS Sharia Compliance / List Of Requirements!B70	Open — current implementation unverified
Q30	Accounting and provisioning	Murabaha inventory, deferred profit, charity payable GL roles	Gap – Major	Not introduced	Current design mainly reuses existing loan GL structure.	Existing Fineract accounting roles are leveraged for the current Murabaha implementation.	Partial baseline or proposed extension: separate existing function from unbuilt requirement	Islamic Financing Module §13; dedicated accounting/provisioning design not supplied	Approved accounting policy/posting matrix; GL mapping; journal samples, reconciliation and finance review	BEDE Murabaha Assessment / Sheet1!B36:E36	Foo LMS Sharia Compliance / List Of Requirements!B72	Open — current implementation unverified
Q31	Accounting and provisioning	Asset/inventory between purchase and sale	Gap – Major	Explicitly out of scope	Commodity ownership lifecycle is excluded.	The current Murabaha implementation captures the Commodity, Supplier and Cost Price, but the asset is not currently represented as a separate accounting balance between purchase and sale. Where required by BEDE's accounting model, an Asset Purchase/Ownership accounting event can be introduced to recognise the asset through a Murabaha Inventory/Asset account when purchased and clear it when the Murabaha sale is executed.	Partial baseline or proposed extension: separate existing function from unbuilt requirement	Islamic Financing Module §13; dedicated accounting/provisioning design not supplied	Approved accounting policy/posting matrix; GL mapping; journal samples, reconciliation and finance review	BEDE Murabaha Assessment / Sheet1!B37:E37	Foo LMS Sharia Compliance / List Of Requirements!B74	Open — current implementation unverified
Q32	Accounting and provisioning	Suspended profit/NPL treatment	Gap	Not defined	Requires accounting/delinquency specification.	The LMS already supports DPD-based overdue/NPA identification and provides the underlying accounting and suspense-account framework. A Murabaha-specific Profit Suspension policy can be introduced to stop or adjust Profit recognition when the applicable DPD threshold is reached and apply the required suspense, recovery or write-off treatment according to BEDE's approved accounting policy.	Partial baseline or proposed extension: separate existing function from unbuilt requirement	Islamic Financing Module §13; dedicated accounting/provisioning design not supplied	Approved accounting policy/posting matrix; GL mapping; journal samples, reconciliation and finance review	BEDE Murabaha Assessment / Sheet1!B38:E38	Foo LMS Sharia Compliance / List Of Requirements!B76	Open — current implementation unverified
Q33	Accounting and provisioning	Multi-currency Murabaha purchase leg	Gap	Not defined	No asset-purchase FX accounting.	The LMS supports currencies at financing/account and journal-entry level. Where the asset purchase currency differs from the Murabaha financing currency, the Murabaha purchase flow can be extended to capture the supplier purchase currency and applicable exchange rate and generate the required inventory, supplier settlement and FX gain/loss accounting entries according to BEDE's approved multi-currency accounting policy.	Partial baseline or proposed extension: separate existing function from unbuilt requirement	Islamic Financing Module §13; dedicated accounting/provisioning design not supplied	Approved accounting policy/posting matrix; GL mapping; journal samples, reconciliation and finance review	BEDE Murabaha Assessment / Sheet1!B39:E39	Foo LMS Sharia Compliance / List Of Requirements!B78	Open — current implementation unverified
Q34	Accounting and provisioning	Odoo Murabaha-specific export/reconciliation	Gap / Partial	Generic accounting framework only	Existing Odoo integration may transport entries, but FRD doesn't define Murabaha-specific entries/deferred-profit reconciliation.	The existing Odoo integration already exports LMS journal entries with their GL account codes, currency and amounts and provides reconciliation controls for exported journals. Once the Murabaha-specific accounting entries and GL mappings are introduced, the same integration can be extended to export these entries and reconcile relevant Murabaha balances, including Inventory/Asset, Gross Murabaha Receivable, Deferred Profit, Ibra' and Charity Payable, between the LMS and Odoo.	Partial baseline or proposed extension: separate existing function from unbuilt requirement	Islamic Financing Module §13; dedicated accounting/provisioning design not supplied	Approved accounting policy/posting matrix; GL mapping; journal samples, reconciliation and finance review	BEDE Murabaha Assessment / Sheet1!B40:E40	Foo LMS Sharia Compliance / List Of Requirements!B80	Open — current implementation unverified
Q35	Fees tax and takaful	Sharia-permitted actual-cost fees	Gap / Need Validation	Existing fee engine	No rules preventing fee configuration from becoming disguised financing profit.	The LMS supports configurable charges with multiple calculation methods, allowing Murabaha products to be configured with only the applicable Sharia-approved fees, such as processing, documentation and actual-cost-based charges. Fee income and financing Profit are maintained through separate accounting mappings.	Claimed baseline/configuration: verify on versioned build and compare with requirement	Dedicated fee/tax/takaful design not supplied	Approved business/Sharia rule, configured example and generated customer/report output	BEDE Murabaha Assessment / Sheet1!B42:E42	Foo LMS Sharia Compliance / List Of Requirements!B84	Open — current implementation unverified
Q36	Fees tax and takaful	Takaful treatment	Gap	Not covered	New requirement.	Takaful/insurance can be configured using the existing Charge functionality, allowing it to be maintained separately from Murabaha Profit and configured using the applicable calculation and accounting treatment. In line with BEDE's current requirement, insurance can be configured as a percentage of the finance amount and amortised across the financing tenure. If required, an explicit Insurance/Takaful classification can be introduced to distinguish it from other fees in schedules, APIs, accounting and reporting.	Claimed baseline/configuration: verify on versioned build and compare with requirement	Dedicated fee/tax/takaful design not supplied	Approved business/Sharia rule, configured example and generated customer/report output	BEDE Murabaha Assessment / Sheet1!B43:E43	Foo LMS Sharia Compliance / List Of Requirements!B86	Open — current implementation unverified
Q37	Fees tax and takaful	Tax only on appropriate fees, not Murabaha profit/debt	Gap / Need Validation	Not covered in FRD	Existing tax engine doesn't establish this Islamic rule.	Yes. The TAX functionality applies Tax Groups at charge level, with tax calculated on the applicable fee/charge amount rather than directly on Murabaha Profit or the financing debt. For Murabaha products, Tax Groups can therefore be configured only for the approved taxable fees, while Profit and other non-taxable financing components remain outside the tax calculation.	Claimed baseline/configuration: verify on versioned build and compare with requirement	Dedicated fee/tax/takaful design not supplied	Approved business/Sharia rule, configured example and generated customer/report output	BEDE Murabaha Assessment / Sheet1!B44:E44	Foo LMS Sharia Compliance / List Of Requirements!B88	Open — current implementation unverified
Q38	Documents and disclosure	Wa'd, purchase confirmation, sale contract, schedule documents	Gap – Major	Not covered	Advices exist generally, but contractual Islamic document generation isn't specified.	The LMS provides the underlying customer, financing, commodity and repayment-schedule data, together with document-management capabilities and reusable templating infrastructure. Dedicated Murabaha contractual documents such as Promise to Purchase, Purchase/Ownership Confirmation, Offer & Acceptance and Murabaha Sale Contract are not currently generated as part of the Murabaha workflow and can be introduced as an enhancement. Existing templating uses Thymeleaf, while business-managed/versioned contract templates would require an additional configuration capability if BEDE requires templates to be maintained without deployment.	Partial baseline or proposed extension: separate existing function from unbuilt requirement	Islamic Financing Module §§4, 16; Lifecycle BRD §§9, 12	Approved business/Sharia rule, configured example and generated customer/report output	BEDE Murabaha Assessment / Sheet1!B46:E46	Foo LMS Sharia Compliance / List Of Requirements!B92	Open — current implementation unverified
Q39	Documents and disclosure	CBB consumer disclosures	Gap – Major	Not covered	Total cost, APR-equivalent and Islamic early-settlement disclosure need specification.	The Murabaha solution already maintains the core financing information required for disclosure, including Cost Price, Profit, Selling Price, repayment schedule, fees and financing totals. The LMS also provides underlying rate and repayment information. A dedicated CBB-compliant disclosure layer, including the applicable APR-equivalent calculation, early-settlement/Ibra' disclosure and regulator-approved presentation, is not currently implemented and can be added based on the applicable CBB calculation and disclosure requirements.	Partial baseline or proposed extension: separate existing function from unbuilt requirement	Islamic Financing Module §§4, 16; Lifecycle BRD §§9, 12	Approved business/Sharia rule, configured example and generated customer/report output	BEDE Murabaha Assessment / Sheet1!B47:E47	Foo LMS Sharia Compliance / List Of Requirements!B94	Open — current implementation unverified
Q40	Documents and disclosure	Statements use Islamic terminology and show cost/profit	Partial / Strong	Islamic terminology applies to statements, advices, reports, APIs/display fields	This is one of our strongest alignment areas. However, API technical fields intentionally remain interest... for backward compatibility.	The Murabaha implementation already introduces Cost Price, Profit and Selling Price and uses Islamic terminology at the customer-facing financing level while retaining the existing LMS calculation engine for backward compatibility. The underlying Fineract APIs still contain conventional field names such as interest, and Ibra' is not currently exposed as a dedicated Islamic transaction/field. The API and statement layer can therefore be enhanced to expose explicit Murabaha-native fields and terminology—including Cost, Profit, Selling Price, remaining Selling Price and Ibra'—so consuming applications do not need to interpret or relabel conventional fields.	Status/evidence ambiguity: reconcile present-tense or validated claim with assessment and repeatable proof	Islamic Financing Module §§4, 16; Lifecycle BRD §§9, 12	Approved business/Sharia rule, configured example and generated customer/report output	BEDE Murabaha Assessment / Sheet1!B48:E48	Foo LMS Sharia Compliance / List Of Requirements!B96	Open — current implementation unverified
Q41	Governance audit and coexistence	Sharia board certification / AAOIFI Standard 8 / FAS 28	Gap	Not claimed in FRD	FRD says Sharia-compliant but does not provide certification or formal AAOIFI conformity.	The Murabaha module has been designed to support Islamic financing requirements through dedicated Islamic Product and Murabaha configuration, including Commodity, Cost Price, Profit and Selling Price. Formal certification or approval by a Shariah Board/advisory firm is not currently part of the available implementation references. The solution can be reviewed against BEDE's approved product manual and applicable AAOIFI/CBB requirements, with any resulting controls incorporated into the implementation.	Partial baseline or proposed extension: separate existing function from unbuilt requirement	Formal Sharia approval/certification not supplied	Documented Sharia board review and formal sign-off scope; do not infer certification from product design	BEDE Murabaha Assessment / Sheet1!B50:E50	Foo LMS Sharia Compliance / List Of Requirements!B100	Open — current implementation unverified
Q42	Governance audit and coexistence	Auditor reconstruct full ownership-transfer chain	Partial	Audit covers configuration, financing, commodity changes, approval, repayment etc.	Strong generic audit coverage, but ownership/purchase/sale states don't exist, so the full Sharia chain cannot be reconstructed.	The LMS provides comprehensive audit and maker-checker capabilities, including traceability of system operations, actors and financing events. Murabaha-specific information such as Commodity, Supplier, Cost Price, Profit and Selling Price is also maintained. The audit model can be extended with explicit ownership, possession, offer, acceptance and sale-execution events and their supporting evidence, allowing a Shariah auditor to reconstruct the complete Murabaha transaction sequence.	Status/evidence ambiguity: reconcile present-tense or validated claim with assessment and repeatable proof	Lifecycle BRD §§8–10; Pricing FRD §6; Section 6 test workbook	Versioned build/configuration, live demonstration or API result, persisted records and named reviewer sign-off	BEDE Murabaha Assessment / Sheet1!B51:E51	Foo LMS Sharia Compliance / List Of Requirements!B102	Open — current implementation unverified
Q43	Governance audit and coexistence	Explicitly disabled Fineract non-compliant behavior + regression tests	Gap – Major	Not documented	Particularly important because our design deliberately reuses Fineract's interest/schedule/accounting engine.	Murabaha products already support configuration of key financing controls, including disabling Profit Recalculation, floating-rate linkage and compounding. Additional Murabaha-specific validations can enforce the approved Shariah configuration and prevent prohibited conventional options from being enabled. These controls can be covered by automated regression tests as part of the Fineract upgrade process to ensure they remain enforced following upstream upgrades.	Status/evidence ambiguity: reconcile present-tense or validated claim with assessment and repeatable proof	Lifecycle BRD §§8–10; Pricing FRD §6; Section 6 test workbook	Versioned product configuration plus executed positive, negative and conventional-regression tests; schedule and GL before/after	BEDE Murabaha Assessment / Sheet1!B52:E52	Foo LMS Sharia Compliance / List Of Requirements!B104	Open — current implementation unverified
Q44	Governance audit and coexistence	Islamic + conventional coexistence	Aligned	Explicitly supported	This is clearly part of our architecture and backward-compatibility design.	Yes. Islamic financing is configured at Loan Product level through the Islamic Product and Financing Type settings, allowing Murabaha and conventional products to coexist within the same tenant while preserving the existing conventional product behaviour. For institutions operating on a fully Islamic basis, an additional tenant-level Islamic Only control can be introduced, if required, to restrict the creation and use of conventional products.	Claimed baseline/configuration: verify on versioned build and compare with requirement	Islamic Financing Module §§1–3	Versioned build/configuration, live demonstration or API result, persisted records and named reviewer sign-off	BEDE Murabaha Assessment / Sheet1!B53:E53	Foo LMS Sharia Compliance / List Of Requirements!B106	Open — current implementation unverified
Q45	Scenario evidence	Normal 24-month deal + GL at month 12	Partial	Schedule supported	Schedule can be demonstrated, but BEDE's Murabaha-specific GL evidence is not defined.	Validated. Refer to Sheet 'Scenario 1' A 24-month Murabaha financing was tested with a Cost Price of BHD 10,000 and contracted Profit of BHD 1,500, resulting in a Selling Price of BHD 11,500. The generated repayment schedule reconciles exactly to the Selling Price, with no residual balance at maturity. At month 12, the GL entry for the installment correctly separates cost recovery and Profit: BHD 416.67 applied to the financing amount and BHD 62.50 to Profit, against a total payment of BHD 479.17. The financing was subsequently completed through month 24, reaching a zero financing balance. The total Profit accrual was BHD 1,500.00, with the corresponding GL entry posted as Dr Profit Receivable / Cr Profit Received from Borrowers for BHD 1,500.00.	Status/evidence ambiguity: reconcile present-tense or validated claim with assessment and repeatable proof	FOO response Scenario 1–3; Pricing FRD §6; Ibra BRD; Section 6 test workbook	Rerun Scenario 1 with build/config ID, schedule and GL before/after month 12	BEDE Murabaha Assessment / Sheet1!B55:E55	Foo LMS Sharia Compliance / List Of Requirements!B111	Open — current implementation unverified
Q46	Scenario evidence	Early settlement + Ibra' + journals	Gap	No dedicated Ibra'	Cannot fully satisfy from current FRD.	Validated. Early settlement with Profit rebate was tested using the existing LMS waiver and prepayment capabilities. The remaining contracted Profit can be waived before early settlement, and the settlement amount is adjusted accordingly. In the tested scenario, the outstanding amount before rebate was BHD 7,666.64, comprising BHD 6,666.64 financing amount and BHD 1,000.00 remaining Profit. Following a BHD 1,000.00 Profit rebate, the remaining Profit was reduced to BHD 0.00 and the early settlement amount was reduced to BHD 6,666.64. The existing capability can be extended with dedicated Ibra’ terminology, configurable rebate calculation and approval controls.	Status/evidence ambiguity: reconcile present-tense or validated claim with assessment and repeatable proof	FOO response Scenario 1–3; Pricing FRD §6; Ibra BRD; Section 6 test workbook	Rerun Scenario 2 with Ibra calculation, approvals, transaction and journal before/after	BEDE Murabaha Assessment / Sheet1!B56:E56	Foo LMS Sharia Compliance / List Of Requirements!B113	Open — current implementation unverified
Q47	Scenario evidence	90 days late: debt doesn't grow + charity + accrual behavior	Gap – Major	Not covered	Requires late-payment, charity and profit-recognition changes.	Validated. Refer to Sheet 'Scenario 3'	Status/evidence ambiguity: reconcile present-tense or validated claim with assessment and repeatable proof	FOO response Scenario 1–3; Pricing FRD §6; Ibra BRD; Section 6 test workbook	Rerun Scenario 3 at 90 days past due with debt, accrual, charge and charity journal evidence	BEDE Murabaha Assessment / Sheet1!B57:E57	Foo LMS Sharia Compliance / List Of Requirements!B115	Open — current implementation unverified
