Test ID	Wave	FRD section	Area	Scenario	Type	Baseline	Preconditions	Steps	Test data	Expected result	FRD design-time status	Priority in source	Execution result	Proposed executor	Evidence to retain	Source reference
TC-01	1 — core profit invariant	6.3	General servicing rule	Permitted schedule changes keep contractual totals	Positive	B1	Executed Murabaha, 3 installments paid	1. Capture before/after: Cost Price, Contractual Profit, Selling Price, Profit Paid, Remaining Profit, Maturity Date, No. of installments. 2. Submit and approve a reschedule changing repayment date and extending by 2 installments. 3. Compare before/after.	Reschedule from inst. 4; new date +15 days; extend +2	Dates, maturity, no. of installments and installment amounts change; allocation of remaining Cost Price and Profit changes. Invariant holds: Profit Paid + Remaining Profit = Contractual Profit (1,500.000); Selling Price = 11,500.000; Cost Price = 10,000.000.	To be tested	High	Not Run	FOO QA; Bede business/finance witness for high-risk results	Build/config ID; input and API/log evidence; schedule and GL before/after; screenshot/export; defect link	Murabaha_Section6_Test_Scenarios / Test Cases!A5:R5
TC-02	1 — core profit invariant	6.3	General servicing rule	Charges outside Profit do not change Selling Price	Positive	B1	Executed Murabaha with an overdue installment	1. Apply a late-payment charge. 2. Check outstanding obligation and Selling Price.	Late charge BHD 10.000	Outstanding = outstanding Selling Price + 10.000 charge shown separately. Contractual Profit and Selling Price unchanged.	To be tested	High	Not Run	FOO QA; Bede business/finance witness for high-risk results	Build/config ID; input and API/log evidence; schedule and GL before/after; screenshot/export; defect link	Murabaha_Section6_Test_Scenarios / Test Cases!A6:R6
TC-03	1 — core profit invariant	6.4	Passage of time & accrual	Accrual across due dates (account current)	Positive	B1	Executed, all installments paid on time	1. Capture Contractual Profit. 2. Advance business date over 2 due dates, run accrual jobs. 3. Check cumulative accrued Profit.	Business date +60 days	Cumulative accrued Profit = scheduled Profit of elapsed periods; never above 1,500.000. Selling Price unchanged.	PASS	High	Not Run	FOO QA; Bede business/finance witness for high-risk results	Build/config ID; input and API/log evidence; schedule and GL before/after; screenshot/export; defect link	Murabaha_Section6_Test_Scenarios / Test Cases!A7:R7
TC-04	1 — core profit invariant	6.4	Passage of time & accrual	Accrual while significantly past due	Positive	B1	Executed, no repayments	1. Advance business date 90 days, run accrual jobs daily. 2. Check accrued Profit and total Profit.	No payments for 90 days	Accrued Profit follows the contractual schedule only; total Profit remains 1,500.000; no additional Profit for overdue days.	PASS	High	Not Run	FOO QA; Bede business/finance witness for high-risk results	Build/config ID; input and API/log evidence; schedule and GL before/after; screenshot/export; defect link	Murabaha_Section6_Test_Scenarios / Test Cases!A8:R8
TC-05	1 — core profit invariant	6.4	Passage of time & accrual	No Profit after maturity	Positive	B1	Executed, last 2 installments unpaid	1. Advance business date to maturity +30 days, then +90 days. 2. Run accrual jobs. 3. Check total and accrued Profit.	Maturity +30 / +90 days	No Profit accrues after maturity; cumulative accrued Profit ≤ 1,500.000; Selling Price unchanged.	To be tested	High	Not Run	FOO QA; Bede business/finance witness for high-risk results	Build/config ID; input and API/log evidence; schedule and GL before/after; screenshot/export; defect link	Murabaha_Section6_Test_Scenarios / Test Cases!A9:R9
TC-06	1 — core profit invariant	6.4	Passage of time & accrual	Accrual job re-run on the same date	Negative	B1	Executed	1. Run accrual job. 2. Re-run the same job for the same date.	Same business date	No duplicate accrual; accrued Profit identical after re-run.	To be tested	Medium	Not Run	FOO QA; Bede business/finance witness for high-risk results	Build/config ID; input and API/log evidence; schedule and GL before/after; screenshot/export; defect link	Murabaha_Section6_Test_Scenarios / Test Cases!A10:R10
TC-07	1 — core profit invariant	6.4	Passage of time & accrual	Full-term accrual equals Contractual Profit	Positive	B1	Executed, all installments paid on time to maturity	1. Run full lifecycle to closure. 2. Sum Profit recognized.	12 monthly installments	Total Profit recognized = 1,500.000 exactly.	To be tested	High	Not Run	FOO QA; Bede business/finance witness for high-risk results	Build/config ID; input and API/log evidence; schedule and GL before/after; screenshot/export; defect link	Murabaha_Section6_Test_Scenarios / Test Cases!A11:R11
TC-08	1 — core profit invariant	6.5	Partial repayment	Payment below installment due	Positive	B1	Executed, installment 1 due 958.333	1. Capture before/after: Cost Price, Contractual Profit, Selling Price, Profit Paid, Remaining Profit, Maturity Date, No. of installments. 2. Post repayment of 500.000 on due date. 3. Check allocation and totals.	Repayment 500.000	Allocated per repayment strategy; no Profit recalculation; total Profit 1,500.000; remaining installment 1 balance 458.333.	PASS	High	Not Run	FOO QA; Bede business/finance witness for high-risk results	Build/config ID; input and API/log evidence; schedule and GL before/after; screenshot/export; defect link	Murabaha_Section6_Test_Scenarios / Test Cases!A12:R12
TC-09	1 — core profit invariant	6.5	Partial repayment	Several partial payments covering one installment	Positive	B1	Executed	1. Post 300.000, 300.000, 358.333 within the period.	3 payments	Installment 1 fully paid; total Profit 1,500.000; no recalculation.	To be tested	Medium	Not Run	FOO QA; Bede business/finance witness for high-risk results	Build/config ID; input and API/log evidence; schedule and GL before/after; screenshot/export; defect link	Murabaha_Section6_Test_Scenarios / Test Cases!A13:R13
TC-10	1 — core profit invariant	6.5	Partial repayment	Prepayment above installment due	Positive	B1	Executed, installment 1 due	1. Capture before/after: Cost Price, Contractual Profit, Selling Price, Profit Paid, Remaining Profit, Maturity Date, No. of installments. 2. Post 2,000.000 on installment 1 due date. 3. Check schedule.	Repayment 2,000.000	Installment 1 paid; excess 1,041.667 applied to future installments (or advance payment); Profit NOT recalculated on reduced balance; total Profit remains 1,500.000 (not reduced).	To be tested	High	Not Run	FOO QA; Bede business/finance witness for high-risk results	Build/config ID; input and API/log evidence; schedule and GL before/after; screenshot/export; defect link	Murabaha_Section6_Test_Scenarios / Test Cases!A14:R14
TC-11	1 — core profit invariant	6.5	Partial repayment	Prepayment covering several future installments	Positive	B1	Executed	1. Post 3 × 958.333 on installment 1 due date.	2,875.000	Installments 1–3 paid; remaining schedule and Profit unchanged; total Profit 1,500.000.	To be tested	Medium	Not Run	FOO QA; Bede business/finance witness for high-risk results	Build/config ID; input and API/log evidence; schedule and GL before/after; screenshot/export; defect link	Murabaha_Section6_Test_Scenarios / Test Cases!A15:R15
TC-12	1 — core profit invariant	6.5	Partial repayment	Partial repayment followed by delinquency	Positive	B1	Executed	1. Pay 500.000 on installment 1. 2. Advance 60 days without payment, run accruals.	500.000 then 60 days overdue	Total Profit 1,500.000; no additional Profit for overdue period.	PASS	High	Not Run	FOO QA; Bede business/finance witness for high-risk results	Build/config ID; input and API/log evidence; schedule and GL before/after; screenshot/export; defect link	Murabaha_Section6_Test_Scenarios / Test Cases!A16:R16
TC-13	1 — core profit invariant	6.5	Partial repayment	Profit recalculation cannot be enabled on Murabaha product	Negative	Product	Murabaha product, auto-disable = Yes and = No	"1. Try to tick ""Recalculate Profit"" (UI) and via API."	—	Field disabled (auto-disable Yes) / save rejected by validation (auto-disable No).	To be tested	Medium	Not Run	FOO QA; Bede business/finance witness for high-risk results	Build/config ID; input and API/log evidence; schedule and GL before/after; screenshot/export; defect link	Murabaha_Section6_Test_Scenarios / Test Cases!A17:R17
TC-14	2 — schedule and servicing	6.6	Change repayment date	Move next due date later (15 days)	Positive	B1	Executed, 3 installments paid	1. Capture before/after: Cost Price, Contractual Profit, Selling Price, Profit Paid, Remaining Profit, Maturity Date, No. of installments. 2. Reschedule: change installment 4 due date +15 days. 3. Approve and compare.	Inst. 4 date +15 days	Dates move; Profit Paid 616.185 + Remaining 883.815 = 1,500.000; Selling Price 11,500.000.	GAP	High	Not Run	FOO QA; Bede business/finance witness for high-risk results	Build/config ID; input and API/log evidence; schedule and GL before/after; screenshot/export; defect link	Murabaha_Section6_Test_Scenarios / Test Cases!A18:R18
TC-15	2 — schedule and servicing	6.6	Change repayment date	Move due date later (60 days)	Positive	B1	Executed	1. Reschedule due date +60 days. 2. Compare.	+60 days	No additional Profit from elapsed time; invariant holds.	GAP	High	Not Run	FOO QA; Bede business/finance witness for high-risk results	Build/config ID; input and API/log evidence; schedule and GL before/after; screenshot/export; defect link	Murabaha_Section6_Test_Scenarios / Test Cases!A19:R19
TC-16	2 — schedule and servicing	6.6	Change repayment date	Move due date earlier	Positive	B1	Executed	1. Reschedule next due date −10 days. 2. Compare.	−10 days	Contractual Profit not reduced; invariant holds.	To be tested	High	Not Run	FOO QA; Bede business/finance witness for high-risk results	Build/config ID; input and API/log evidence; schedule and GL before/after; screenshot/export; defect link	Murabaha_Section6_Test_Scenarios / Test Cases!A20:R20
TC-17	2 — schedule and servicing	6.6	Change repayment date	Reproduce FRD validation baseline (rate-based)	Regression	B3	Rate-based Murabaha with total Profit USD 150.92	1. Change repayment date to a later date (no extension, no rate change). 2. Check total Profit.	Same data as FRD 6.6	Total Profit stays USD 150.92 (previous defect: 276.29).	GAP	High	Not Run	FOO QA; Bede business/finance witness for high-risk results	Build/config ID; input and API/log evidence; schedule and GL before/after; screenshot/export; defect link	Murabaha_Section6_Test_Scenarios / Test Cases!A21:R21
TC-18	2 — schedule and servicing	6.6	Change repayment date	Conventional loan unchanged	Regression	B4	Conventional loan, same terms	1. Same date change as previous case.	Same data	Existing behaviour kept (interest recalculated, e.g. 276.29).	To be tested	Medium	Not Run	FOO QA; Bede business/finance witness for high-risk results	Build/config ID; input and API/log evidence; schedule and GL before/after; screenshot/export; defect link	Murabaha_Section6_Test_Scenarios / Test Cases!A22:R22
TC-19	2 — schedule and servicing	6.7	Mid-term grace	Principal grace only	Positive	B1	Executed	1. Capture before/after: Cost Price, Contractual Profit, Selling Price, Profit Paid, Remaining Profit, Maturity Date, No. of installments. 2. Reschedule with 2 principal grace periods. 3. Compare.	Principal grace 2	Cost Price payment deferred; Profit 1,500.000; Selling Price unchanged.	GAP	High	Not Run	FOO QA; Bede business/finance witness for high-risk results	Build/config ID; input and API/log evidence; schedule and GL before/after; screenshot/export; defect link	Murabaha_Section6_Test_Scenarios / Test Cases!A23:R23
TC-20	2 — schedule and servicing	6.7	Mid-term grace	Profit grace only	Positive	B1	Executed	1. Reschedule with 1 profit grace period.	Profit grace 1	Profit of grace period deferred to later installments (not removed); total Profit 1,500.000.	GAP	High	Not Run	FOO QA; Bede business/finance witness for high-risk results	Build/config ID; input and API/log evidence; schedule and GL before/after; screenshot/export; defect link	Murabaha_Section6_Test_Scenarios / Test Cases!A24:R24
TC-21	2 — schedule and servicing	6.7	Mid-term grace	Combined grace – reproduce FRD baseline	Regression	B3	Rate-based Murabaha, total Profit USD 127.35	1. Reschedule: 2 principal + 1 profit grace, no date change/extension/rate change.	Same data as FRD 6.7	Total Profit stays USD 127.35 (previous defect: 155.50).	GAP	High	Not Run	FOO QA; Bede business/finance witness for high-risk results	Build/config ID; input and API/log evidence; schedule and GL before/after; screenshot/export; defect link	Murabaha_Section6_Test_Scenarios / Test Cases!A25:R25
TC-22	2 — schedule and servicing	6.7	Mid-term grace	Deferred Profit collected later	Positive	B1	After profit grace	1. Inspect revised schedule.	—	Sum of Profit in remaining installments = Remaining Profit before grace.	To be tested	Medium	Not Run	FOO QA; Bede business/finance witness for high-risk results	Build/config ID; input and API/log evidence; schedule and GL before/after; screenshot/export; defect link	Murabaha_Section6_Test_Scenarios / Test Cases!A26:R26
TC-23	2 — schedule and servicing	6.7	Mid-term grace	Conventional loan unchanged	Regression	B4	Conventional loan	1. Same grace as baseline.	—	Existing behaviour kept (e.g. 155.50).	To be tested	Medium	Not Run	FOO QA; Bede business/finance witness for high-risk results	Build/config ID; input and API/log evidence; schedule and GL before/after; screenshot/export; defect link	Murabaha_Section6_Test_Scenarios / Test Cases!A27:R27
TC-24	2 — schedule and servicing	6.8	Extend / shorten period	Extend by 2 installments	Positive	B1	Executed, 3 installments paid	1. Capture before/after: Cost Price, Contractual Profit, Selling Price, Profit Paid, Remaining Profit, Maturity Date, No. of installments. 2. Reschedule: extend +2 installments.	12 → 14 installments	Maturity extended; Remaining Profit 883.815 redistributed over 11 installments; total 1,500.000.	To be tested	High	Not Run	FOO QA; Bede business/finance witness for high-risk results	Build/config ID; input and API/log evidence; schedule and GL before/after; screenshot/export; defect link	Murabaha_Section6_Test_Scenarios / Test Cases!A28:R28
TC-25	2 — schedule and servicing	6.8	Extend / shorten period	Extension crossing original maturity (+30 days)	Positive	B1	Executed	1. Extend so maturity moves +30 days.	+30 days	Invariant holds; no time-based Profit.	To be tested	High	Not Run	FOO QA; Bede business/finance witness for high-risk results	Build/config ID; input and API/log evidence; schedule and GL before/after; screenshot/export; defect link	Murabaha_Section6_Test_Scenarios / Test Cases!A29:R29
TC-26	2 — schedule and servicing	6.8	Extend / shorten period	Long extension (+90 days / +6 installments)	Positive	B1	Executed	1. Extend by 6 installments.	12 → 18	Invariant holds; Selling Price 11,500.000.	To be tested	High	Not Run	FOO QA; Bede business/finance witness for high-risk results	Build/config ID; input and API/log evidence; schedule and GL before/after; screenshot/export; defect link	Murabaha_Section6_Test_Scenarios / Test Cases!A30:R30
TC-27	2 — schedule and servicing	6.8	Extend / shorten period	Shorten by 2 installments	Positive	B1	Executed	1. Reschedule to fewer installments.	12 → 10	Installment amounts increase; Profit NOT reduced; total 1,500.000.	To be tested	High	Not Run	FOO QA; Bede business/finance witness for high-risk results	Build/config ID; input and API/log evidence; schedule and GL before/after; screenshot/export; defect link	Murabaha_Section6_Test_Scenarios / Test Cases!A31:R31
TC-28	2 — schedule and servicing	6.8	Extend / shorten period	Shorten via earlier maturity	Positive	B1	Executed	1. Bring maturity forward 2 months.	Maturity −2 months	Contractual Profit and Selling Price unchanged.	To be tested	Medium	Not Run	FOO QA; Bede business/finance witness for high-risk results	Build/config ID; input and API/log evidence; schedule and GL before/after; screenshot/export; defect link	Murabaha_Section6_Test_Scenarios / Test Cases!A32:R32
TC-29	2 — schedule and servicing	6.9	Profit rate adjustment	Rate option hidden in reschedule screen	Negative	B3	Executed rate-based Murabaha	1. Open Reschedule.	—	"""Adjust profit/interest rate"" option not available."	To be tested	High	Not Run	FOO QA; Bede business/finance witness for high-risk results	Build/config ID; input and API/log evidence; schedule and GL before/after; screenshot/export; defect link	Murabaha_Section6_Test_Scenarios / Test Cases!A33:R33
TC-30	2 — schedule and servicing	6.9	Profit rate adjustment	Rate change rejected by API	Negative	B3	Executed rate-based Murabaha	1. POST reschedule request with newInterestRate.	New rate +2%	Request rejected with validation error; account unchanged.	To be tested	High	Not Run	FOO QA; Bede business/finance witness for high-risk results	Build/config ID; input and API/log evidence; schedule and GL before/after; screenshot/export; defect link	Murabaha_Section6_Test_Scenarios / Test Cases!A34:R34
TC-31	2 — schedule and servicing	6.9	Profit rate adjustment	Rate change on Fixed Profit Amount financing	Negative	B1	Executed	1. Submit reschedule with a rate via API.	—	Rejected; Contractual Profit unchanged.	To be tested	Medium	Not Run	FOO QA; Bede business/finance witness for high-risk results	Build/config ID; input and API/log evidence; schedule and GL before/after; screenshot/export; defect link	Murabaha_Section6_Test_Scenarios / Test Cases!A35:R35
TC-32	2 — schedule and servicing	6.9	Profit rate adjustment	Conventional loan rate change still allowed	Regression	B4	Conventional loan	1. Reschedule with new rate.	+2%	Existing behaviour kept.	To be tested	Medium	Not Run	FOO QA; Bede business/finance witness for high-risk results	Build/config ID; input and API/log evidence; schedule and GL before/after; screenshot/export; defect link	Murabaha_Section6_Test_Scenarios / Test Cases!A36:R36
TC-33	2 — schedule and servicing	6.10	Combined rescheduling	Date change + extension	Positive	B1	Executed	1. Capture before/after: Cost Price, Contractual Profit, Selling Price, Profit Paid, Remaining Profit, Maturity Date, No. of installments. 2. Reschedule: date +15 days and extend +2.	—	Invariant holds: Profit Paid + Remaining Profit = Contractual Profit (1,500.000); Selling Price = 11,500.000; Cost Price = 10,000.000.	To be tested	High	Not Run	FOO QA; Bede business/finance witness for high-risk results	Build/config ID; input and API/log evidence; schedule and GL before/after; screenshot/export; defect link	Murabaha_Section6_Test_Scenarios / Test Cases!A37:R37
TC-34	2 — schedule and servicing	6.10	Combined rescheduling	Grace + extension	Positive	B1	Executed	1. Reschedule: profit grace 1 + extend +2.	—	Invariant holds: Profit Paid + Remaining Profit = Contractual Profit (1,500.000); Selling Price = 11,500.000; Cost Price = 10,000.000.	To be tested	High	Not Run	FOO QA; Bede business/finance witness for high-risk results	Build/config ID; input and API/log evidence; schedule and GL before/after; screenshot/export; defect link	Murabaha_Section6_Test_Scenarios / Test Cases!A38:R38
TC-35	2 — schedule and servicing	6.10	Combined rescheduling	Date change + grace	Positive	B1	Executed	1. Reschedule: date +15 days + principal grace 2.	—	Invariant holds: Profit Paid + Remaining Profit = Contractual Profit (1,500.000); Selling Price = 11,500.000; Cost Price = 10,000.000.	To be tested	High	Not Run	FOO QA; Bede business/finance witness for high-risk results	Build/config ID; input and API/log evidence; schedule and GL before/after; screenshot/export; defect link	Murabaha_Section6_Test_Scenarios / Test Cases!A39:R39
TC-36	2 — schedule and servicing	6.10	Combined rescheduling	Date change + grace + extension	Positive	B1	Executed	1. Reschedule with all three options.	—	Invariant holds: Profit Paid + Remaining Profit = Contractual Profit (1,500.000); Selling Price = 11,500.000; Cost Price = 10,000.000.	To be tested	Medium	Not Run	FOO QA; Bede business/finance witness for high-risk results	Build/config ID; input and API/log evidence; schedule and GL before/after; screenshot/export; defect link	Murabaha_Section6_Test_Scenarios / Test Cases!A40:R40
TC-37	2 — schedule and servicing	6.10	Combined rescheduling	Combination including rate change	Negative	B3	Executed rate-based Murabaha	1. Submit date change + rate change via API.	—	Whole request rejected; account unchanged.	To be tested	Medium	Not Run	FOO QA; Bede business/finance witness for high-risk results	Build/config ID; input and API/log evidence; schedule and GL before/after; screenshot/export; defect link	Murabaha_Section6_Test_Scenarios / Test Cases!A41:R41
TC-38	2 — schedule and servicing	6.11	Reschedule after partial repayment	Reschedule after 3 installments paid	Positive	B1	Installments 1–3 paid (Profit Paid 616.185)	1. Reschedule extend +2. 2. Check Profit Paid and Remaining.	—	Profit Paid stays 616.185; revised schedule allocates exactly 883.815; total 1,500.000.	To be tested	High	Not Run	FOO QA; Bede business/finance witness for high-risk results	Build/config ID; input and API/log evidence; schedule and GL before/after; screenshot/export; defect link	Murabaha_Section6_Test_Scenarios / Test Cases!A42:R42
TC-39	2 — schedule and servicing	6.11	Reschedule after partial repayment	Reschedule after part of an installment paid	Positive	B1	Installment 4 partly paid (500.000)	1. Reschedule date +15 days.	—	Paid part of installment 4 Profit not regenerated; invariant holds.	To be tested	High	Not Run	FOO QA; Bede business/finance witness for high-risk results	Build/config ID; input and API/log evidence; schedule and GL before/after; screenshot/export; defect link	Murabaha_Section6_Test_Scenarios / Test Cases!A43:R43
TC-40	2 — schedule and servicing	6.11	Reschedule after partial repayment	FRD example 150 / 30 / 120	Positive	B5	Contractual Profit 150, Profit Paid 30	1. Reschedule extend +2.	—	Remaining Profit = 120 exactly (not 150, not time-based).	To be tested	High	Not Run	FOO QA; Bede business/finance witness for high-risk results	Build/config ID; input and API/log evidence; schedule and GL before/after; screenshot/export; defect link	Murabaha_Section6_Test_Scenarios / Test Cases!A44:R44
TC-41	2 — schedule and servicing	6.11	Reschedule after partial repayment	Reschedule after prepayment	Positive	B1	Prepayment of 2,000.000 done	1. Reschedule extend +2.	—	Advance payment respected; invariant holds.	To be tested	Medium	Not Run	FOO QA; Bede business/finance witness for high-risk results	Build/config ID; input and API/log evidence; schedule and GL before/after; screenshot/export; defect link	Murabaha_Section6_Test_Scenarios / Test Cases!A45:R45
TC-42	2 — schedule and servicing	6.12	Late payment & delinquency	One day overdue	Positive	B1	Installment 1 unpaid	1. Advance 1 day past due, run jobs.	—	No additional Profit; Selling Price unchanged.	Tested	Medium	Not Run	FOO QA; Bede business/finance witness for high-risk results	Build/config ID; input and API/log evidence; schedule and GL before/after; screenshot/export; defect link	Murabaha_Section6_Test_Scenarios / Test Cases!A46:R46
TC-43	2 — schedule and servicing	6.12	Late payment & delinquency	Extended delinquency (120 days)	Positive	B1	No payments	1. Advance 120 days, run jobs.	—	No additional Profit; delinquency bucket updated; Contractual Profit 1,500.000.	Tested	High	Not Run	FOO QA; Bede business/finance witness for high-risk results	Build/config ID; input and API/log evidence; schedule and GL before/after; screenshot/export; defect link	Murabaha_Section6_Test_Scenarios / Test Cases!A47:R47
TC-44	2 — schedule and servicing	6.12	Late payment & delinquency	Overdue beyond maturity	Positive	B1	Last installments unpaid	1. Advance to maturity +60 days.	—	No Profit after maturity; invariant holds.	To be tested	High	Not Run	FOO QA; Bede business/finance witness for high-risk results	Build/config ID; input and API/log evidence; schedule and GL before/after; screenshot/export; defect link	Murabaha_Section6_Test_Scenarios / Test Cases!A48:R48
TC-45	2 — schedule and servicing	6.12	Late payment & delinquency	Delinquency after reschedule	Positive	B1	Rescheduled account	1. Reschedule extend +2. 2. Skip next 2 installments, advance 60 days.	—	No additional Profit; invariant holds.	To be tested	Medium	Not Run	FOO QA; Bede business/finance witness for high-risk results	Build/config ID; input and API/log evidence; schedule and GL before/after; screenshot/export; defect link	Murabaha_Section6_Test_Scenarios / Test Cases!A49:R49
TC-46	2 — schedule and servicing	6.12	Late payment & delinquency	Late charge kept separate	Positive	B1	Overdue installment, product late charge configured	1. Let charge apply. 2. Check Profit, Selling Price, charge balance.	Late charge	Charge shown separately; not added to Contractual Profit or Selling Price.	To be tested	High	Not Run	FOO QA; Bede business/finance witness for high-risk results	Build/config ID; input and API/log evidence; schedule and GL before/after; screenshot/export; defect link	Murabaha_Section6_Test_Scenarios / Test Cases!A50:R50
TC-47	2 — schedule and servicing	6.13	Early / full settlement	Payoff quote on screen mid-period	Positive	B1	3 installments paid	1. Open Early Settlement / Prepay on a date mid-period.	Day 15 of period 4	Payoff = outstanding Cost Price 7,741.186 + remaining Profit 883.815 = 8,625.001 (outstanding Selling Price, before any Ibra'); not interest-to-date.	To be tested	High	Not Run	FOO QA; Bede business/finance witness for high-risk results	Build/config ID; input and API/log evidence; schedule and GL before/after; screenshot/export; defect link	Murabaha_Section6_Test_Scenarios / Test Cases!A51:R51
TC-48	2 — schedule and servicing	6.13	Early / full settlement	Payoff quote via API	Positive	B1	Same as previous	1. Call prepay/payoff template API.	—	Same amount as screen.	To be tested	High	Not Run	FOO QA; Bede business/finance witness for high-risk results	Build/config ID; input and API/log evidence; schedule and GL before/after; screenshot/export; defect link	Murabaha_Section6_Test_Scenarios / Test Cases!A52:R52
TC-49	2 — schedule and servicing	6.13	Early / full settlement	Execute full early settlement	Positive	B1	Same as previous	1. Post payoff amount. 2. Check closure.	8,625.001	Account closed; total Profit collected = 1,500.000.	To be tested	High	Not Run	FOO QA; Bede business/finance witness for high-risk results	Build/config ID; input and API/log evidence; schedule and GL before/after; screenshot/export; defect link	Murabaha_Section6_Test_Scenarios / Test Cases!A53:R53
TC-50	2 — schedule and servicing	6.13	Early / full settlement	Settlement with overdue amounts	Positive	B1	1 installment overdue + late charge	1. Request payoff.	—	Payoff = outstanding Selling Price + charges; no extra Profit.	To be tested	Medium	Not Run	FOO QA; Bede business/finance witness for high-risk results	Build/config ID; input and API/log evidence; schedule and GL before/after; screenshot/export; defect link	Murabaha_Section6_Test_Scenarios / Test Cases!A54:R54
TC-51	2 — schedule and servicing	6.13	Early / full settlement	Conventional prepay unchanged	Regression	B4	Conventional loan	1. Request prepay.	—	Interest-to-date behaviour kept.	To be tested	Medium	Not Run	FOO QA; Bede business/finance witness for high-risk results	Build/config ID; input and API/log evidence; schedule and GL before/after; screenshot/export; defect link	Murabaha_Section6_Test_Scenarios / Test Cases!A55:R55
TC-52	3 — controls and regression	6.14	Reversal / correction	Reverse a repayment	Positive	B1	Installment 1 paid	1. Capture schedule. 2. Reverse the repayment.	—	Schedule and Profit allocation restored exactly; invariant holds.	To be tested	High	Not Run	FOO QA; Bede business/finance witness for high-risk results	Build/config ID; input and API/log evidence; schedule and GL before/after; screenshot/export; defect link	Murabaha_Section6_Test_Scenarios / Test Cases!A56:R56
TC-53	3 — controls and regression	6.14	Reversal / correction	Reverse a prepayment	Positive	B1	Prepayment 2,000.000 posted	1. Reverse it.	—	Previous schedule restored; no duplicate Profit.	To be tested	High	Not Run	FOO QA; Bede business/finance witness for high-risk results	Build/config ID; input and API/log evidence; schedule and GL before/after; screenshot/export; defect link	Murabaha_Section6_Test_Scenarios / Test Cases!A57:R57
TC-54	3 — controls and regression	6.14	Reversal / correction	Adjust (edit) a repayment amount	Positive	B1	Repayment posted	1. Adjust 958.333 → 500.000.	—	Re-allocated correctly; total Profit 1,500.000.	To be tested	Medium	Not Run	FOO QA; Bede business/finance witness for high-risk results	Build/config ID; input and API/log evidence; schedule and GL before/after; screenshot/export; defect link	Murabaha_Section6_Test_Scenarios / Test Cases!A58:R58
TC-55	3 — controls and regression	6.14	Reversal / correction	Undo a reschedule	Positive	B1	Approved reschedule	1. Undo / reverse the reschedule (if supported).	—	Previous schedule restored exactly.	To be tested	Medium	Not Run	FOO QA; Bede business/finance witness for high-risk results	Build/config ID; input and API/log evidence; schedule and GL before/after; screenshot/export; defect link	Murabaha_Section6_Test_Scenarios / Test Cases!A59:R59
TC-56	3 — controls and regression	6.14	Reversal / correction	Undo Disbursal on executed Murabaha	Positive	B1	Disbursed, no repayments	1. Undo Disbursal. 2. Check pricing fields.	—	Per final FRD 4.5 decision (currently: pricing stays locked / native with restricted permission).	To be tested	Medium	Not Run	FOO QA; Bede business/finance witness for high-risk results	Build/config ID; input and API/log evidence; schedule and GL before/after; screenshot/export; defect link	Murabaha_Section6_Test_Scenarios / Test Cases!A60:R60
TC-57	3 — controls and regression	6.15	Other date / tenor changes	Due date on a holiday (reschedule to next working day)	Positive	B1	"Holiday defined on a due date, ""reschedule to next working day"""	1. Run holiday processing / schedule regeneration.	Holiday on inst. 5	Date moves; Profit unchanged.	To be tested	Medium	Not Run	FOO QA; Bede business/finance witness for high-risk results	Build/config ID; input and API/log evidence; schedule and GL before/after; screenshot/export; defect link	Murabaha_Section6_Test_Scenarios / Test Cases!A61:R61
TC-58	3 — controls and regression	6.15	Other date / tenor changes	Change repayment frequency (if supported)	Positive	B1	Executed	1. Change frequency monthly → bi-monthly via available action.	—	Invariant holds, or action rejected.	To be tested	Low	Not Run	FOO QA; Bede business/finance witness for high-risk results	Build/config ID; input and API/log evidence; schedule and GL before/after; screenshot/export; defect link	Murabaha_Section6_Test_Scenarios / Test Cases!A62:R62
TC-59	3 — controls and regression	6.15	Other date / tenor changes	Any regeneration breaking invariant is rejected	Negative	B1	Executed	1. Trigger a regeneration that would add Profit (e.g. defect build / API with forced recalc).	—	"Rejected with message ""This action would change the contractual Murabaha Profit and is not permitted."" and logged in audit."	To be tested	High	Not Run	FOO QA; Bede business/finance witness for high-risk results	Build/config ID; input and API/log evidence; schedule and GL before/after; screenshot/export; defect link	Murabaha_Section6_Test_Scenarios / Test Cases!A63:R63
TC-60	3 — controls and regression	6.16	Accounting & accrual	Total recognized Profit over life	Positive	B1	Full lifecycle with one reschedule	1. Run to closure. 2. Sum Profit income GL postings.	—	Total recognized = 1,500.000.	To be tested	High	Not Run	FOO QA; Bede business/finance witness for high-risk results	Build/config ID; input and API/log evidence; schedule and GL before/after; screenshot/export; defect link	Murabaha_Section6_Test_Scenarios / Test Cases!A64:R64
TC-61	3 — controls and regression	6.16	Accounting & accrual	Accrual follows revised schedule	Positive	B1	After reschedule	1. Run accruals after reschedule.	—	Accrual timing follows new schedule; cumulative ≤ 1,500.000.	To be tested	Medium	Not Run	FOO QA; Bede business/finance witness for high-risk results	Build/config ID; input and API/log evidence; schedule and GL before/after; screenshot/export; defect link	Murabaha_Section6_Test_Scenarios / Test Cases!A65:R65
TC-62	3 — controls and regression	6.16	Accounting & accrual	Late charge GL separate from Profit	Positive	B1	Late charge applied	1. Check journal entries.	—	Charge posted to its own GL, not Profit income.	To be tested	Medium	Not Run	FOO QA; Bede business/finance witness for high-risk results	Build/config ID; input and API/log evidence; schedule and GL before/after; screenshot/export; defect link	Murabaha_Section6_Test_Scenarios / Test Cases!A66:R66
TC-63	3 — controls and regression	6.19	Profit waiver	Waive Interest hidden in UI	Negative	B1	Executed	1. Open account Payments menu.	—	"""Waive Interest"" not displayed."	To be tested	High	Not Run	FOO QA; Bede business/finance witness for high-risk results	Build/config ID; input and API/log evidence; schedule and GL before/after; screenshot/export; defect link	Murabaha_Section6_Test_Scenarios / Test Cases!A67:R67
TC-64	3 — controls and regression	6.19	Profit waiver	Waive Interest rejected by API	Negative	B1	Executed	1. POST waiveinterest transaction.	100.000	Rejected; Contractual Profit unchanged.	To be tested	High	Not Run	FOO QA; Bede business/finance witness for high-risk results	Build/config ID; input and API/log evidence; schedule and GL before/after; screenshot/export; defect link	Murabaha_Section6_Test_Scenarios / Test Cases!A68:R68
TC-65	3 — controls and regression	6.19	Profit waiver	Charge waiver still allowed	Positive	B1	Late charge applied	1. Waive the charge.	—	Charge waived; Profit unchanged.	To be tested	Medium	Not Run	FOO QA; Bede business/finance witness for high-risk results	Build/config ID; input and API/log evidence; schedule and GL before/after; screenshot/export; defect link	Murabaha_Section6_Test_Scenarios / Test Cases!A69:R69
TC-66	3 — controls and regression	6.19	Profit waiver	Conventional Waive Interest unchanged	Regression	B4	Conventional loan	1. Waive interest.	—	Existing behaviour kept.	To be tested	Low	Not Run	FOO QA; Bede business/finance witness for high-risk results	Build/config ID; input and API/log evidence; schedule and GL before/after; screenshot/export; defect link	Murabaha_Section6_Test_Scenarios / Test Cases!A70:R70
TC-67	3 — controls and regression	6.20	Write-off	Write-off of executed Murabaha	Positive	B1	3 installments paid	1. Write off the account. 2. Check pricing fields.	—	Contractual Profit 1,500.000, Profit Paid 616.185, Selling Price 11,500.000 unchanged; unpaid Cost Price 7,741.186 and unpaid Profit 883.815 shown as written off.	To be tested	High	Not Run	FOO QA; Bede business/finance witness for high-risk results	Build/config ID; input and API/log evidence; schedule and GL before/after; screenshot/export; defect link	Murabaha_Section6_Test_Scenarios / Test Cases!A71:R71
TC-68	3 — controls and regression	6.20	Write-off	Write-off after partial payment of an installment	Positive	B1	Installment 4 partly paid	1. Write off.	—	Same as above with correct split.	To be tested	Medium	Not Run	FOO QA; Bede business/finance witness for high-risk results	Build/config ID; input and API/log evidence; schedule and GL before/after; screenshot/export; defect link	Murabaha_Section6_Test_Scenarios / Test Cases!A72:R72
TC-69	3 — controls and regression	6.21	Top-up & payoff	Top-up hidden for executed Murabaha	Negative	B1	Executed	1. Open account actions / new financing with top-up.	—	Top-up option not available.	To be tested	High	Not Run	FOO QA; Bede business/finance witness for high-risk results	Build/config ID; input and API/log evidence; schedule and GL before/after; screenshot/export; defect link	Murabaha_Section6_Test_Scenarios / Test Cases!A73:R73
TC-70	3 — controls and regression	6.21	Top-up & payoff	Top-up rejected by API	Negative	B1	Executed	1. Create loan with isTopup = true referencing the Murabaha.	—	Rejected.	To be tested	High	Not Run	FOO QA; Bede business/finance witness for high-risk results	Build/config ID; input and API/log evidence; schedule and GL before/after; screenshot/export; defect link	Murabaha_Section6_Test_Scenarios / Test Cases!A74:R74
TC-71	1 — core profit invariant	6.18	Core principle	Invariant check across all servicing scenarios	Positive	B1, B2, B3	Run after each scenario above	1. For each executed scenario recompute Profit Paid + Remaining Profit.	—	Equals Contractual Profit at all times; Fixed Profit Amount (B1, B2) and Profit Rate (B3) both pass.	To be tested	High	Not Run	FOO QA; Bede business/finance witness for high-risk results	Build/config ID; input and API/log evidence; schedule and GL before/after; screenshot/export; defect link	Murabaha_Section6_Test_Scenarios / Test Cases!A75:R75
